Symbol,Name,"Wtd Alpha",Last,Change,%Chg,"52W High","52W Low","52W %Chg",Time
A,"Agilent Technologies",+36.26,156.41,-1.24,-0.79%,179.57,105.19,+41.75%,2021-11-05
AAL,"American Airlines Gp",+58.22,21.82,1.19,+5.77%,26.09,11.27,+88.10%,2021-11-05
AAP,"Advance Auto Parts Inc",+49.26,229.73,-0.36,-0.16%,235.32,142.59,+46.86%,2021-11-05
AAPL,"Apple Inc",+26.96,151.28,0.32,+0.21%,157.26,112.59,+27.09%,2021-11-05
ABBV,"Abbvie Inc",+16.67,117.18,0.12,+0.10%,121.53,91.71,+25.07%,2021-11-05
ABC,"Amerisourcebergen Corp",+20.42,127.57,0.79,+0.62%,129.54,94.89,+21.01%,2021-11-05
ABMD,"Abiomed Inc",+31.55,361.71,-1.36,-0.37%,387.4,254.41,+32.79%,2021-11-05
ABT,"Abbott Laboratories",+10.20,124.37,-4.72,-3.66%,129.7,105.32,+9.55%,2021-11-05
ACN,"Accenture Plc",+55.55,368.46,1.66,+0.45%,372.11,231.07,+57.47%,2021-11-05
ADBE,"Adobe Systems Inc",+44.36,662.72,-11.36,-1.69%,677.76,420.78,+33.49%,2021-11-05
ADI,"Analog Devices",+34.71,184.18,3.45,+1.91%,186.1,130,+41.24%,2021-11-05
ADM,"Archer Daniels Midland",+26.54,64.49,0.26,+0.40%,69.3,47.75,+34.61%,2021-11-05
ADP,"Automatic Data Procs",+37.19,229.6,3.41,+1.51%,230.12,159.31,+41.11%,2021-11-05
ADSK,"Autodesk Inc",+27.81,324.52,5.55,+1.74%,344.39,244.3,+26.81%,2021-11-05
AEE,"Ameren Corp",+6.07,85.5,1.13,+1.34%,90.77,69.79,+3.67%,2021-11-05
AEP,"American Electric Power Company",-3.43,85.04,1.15,+1.37%,94.21,74.8,-6.25%,2021-11-05
AES,"The Aes Corp",+13.38,24.99,-0.13,-0.52%,29.07,20.27,+19.17%,2021-11-05
AFL,"Aflac Inc",+31.25,56.75,1.05,+1.89%,57.66,36.65,+52.55%,2021-11-05
AIG,"American International Group",+56.60,58.96,-1.43,-2.37%,62.54,32.76,+76.37%,2021-11-05
AIZ,"Assurant Inc",+20.17,162.54,-1.69,-1.03%,172.22,121.55,+27.62%,2021-11-05
AJG,"Arthur J. Gallagher & Company",+38.86,160.26,-0.52,-0.32%,168.5,109.75,+46.00%,2021-11-05
AKAM,"Akamai Technologies",+2.74,107.29,-2.37,-2.16%,124.91,92.64,+4.46%,2021-11-05
ALB,"Albemarle Corp",+121.89,272.51,-0.15,-0.06%,276,102.8,+158.30%,2021-11-05
ALGN,"Align Technology",+44.11,687.19,7.93,+1.17%,737.45,439.71,+39.70%,2021-11-05
ALK,"Alaska Air Group",+21.01,59.35,3.62,+6.50%,74.25,37.76,+51.48%,2021-11-05
ALL,"Allstate Corp",+10.50,117.16,0.06,+0.05%,140,90.42,+29.59%,2021-11-05
ALLE,"Allegion Plc",+11.33,131.41,0.33,+0.25%,148.7,102.47,+26.20%,2021-11-05
AMAT,"Applied Materials",+93.50,153.29,3.16,+2.10%,153.73,68.35,+119.14%,2021-11-05
AMCR,"Amcor Plc",+4.12,12.14,-0.02,-0.16%,12.92,10.33,+5.47%,2021-11-05
AMD,"Adv Micro Devices",+83.94,136.34,-1.16,-0.84%,141.22,72.5,+64.27%,2021-11-05
AME,"Amtek Inc",+20.46,140.94,0.54,+0.38%,143.21,106.96,+29.24%,2021-11-05
AMGN,"Amgen Inc",-12.14,213.77,-1.16,-0.54%,276.69,200.47,-7.85%,2021-11-05
AMP,"Ameriprise Financial Services",+64.17,305.24,-1.45,-0.47%,311.18,168.7,+76.76%,2021-11-05
AMT,"American Tower Corp",+15.88,277.83,-1.12,-0.40%,303.72,197.5,+15.80%,2021-11-05
AMZN,"Amazon.com Inc",+12.92,3518.99,41.99,+1.21%,3773.08,2881,+5.93%,2021-11-05
ANET,"Arista Networks Inc",+91.94,530.54,6.68,+1.28%,533.99,254.59,+106.44%,2021-11-05
ANSS,"Ansys Inc",+27.50,406.69,-3.28,-0.80%,413.89,292.79,+23.86%,2021-11-05
ANTM,"Anthem Inc",+30.29,422.06,-0.55,-0.13%,439.9,286.04,+32.06%,2021-11-05
AON,"AON Plc",+39.47,288.53,-1.47,-0.51%,326.25,184.67,+55.64%,2021-11-05
AOS,"Smith A.O. Corp",+41.31,77.55,-0.31,-0.40%,79.62,52.08,+44.09%,2021-11-05
APA,"Apa Corp",+176.96,29.9,0.82,+2.82%,30.34,8.5,+233.33%,2021-11-05
APD,"Air Products and Chemicals",+19.22,309.31,8.1,+2.69%,327.89,245.75,+1.97%,2021-11-05
APH,"Amphenol Corp",+34.39,81.44,2.32,+2.93%,81.53,58.58,+36.35%,2021-11-05
APTV,"Aptiv Plc",+53.89,175.03,-2.43,-1.37%,180.81,103.57,+67.05%,2021-11-05
ARE,"Alexandria Real Estate Equities",+26.27,206.22,0.1,+0.05%,211.7,153.62,+30.20%,2021-11-05
ATO,"Atmos Energy Corp",-6.63,93.99,0.36,+0.38%,104.99,84.59,-1.08%,2021-11-05
ATVI,"Activision Blizzard",-23.91,67.83,-0.4,-0.59%,104.53,64.55,-15.36%,2021-11-05
AVB,"Avalonbay Communities",+41.65,237.84,4.12,+1.76%,241.63,146.95,+60.44%,2021-11-05
AVGO,"Broadcom Ltd",+48.25,558.92,10.3,+1.88%,559.67,360.36,+46.75%,2021-11-05
AVY,"Avery Dennison Corp",+46.65,226.42,8.07,+3.70%,228.88,145.35,+53.99%,2021-11-05
AWK,"American Water Works",+6.83,169.66,0.89,+0.53%,189.35,131.01,+7.24%,2021-11-05
AXP,"American Express Company",+48.37,176.69,4.16,+2.41%,189.03,96.27,+80.09%,2021-11-05
AZO,Autozone,+59.61,1817.94,8.89,+0.49%,1844.99,1085.85,+58.15%,2021-11-05
BA,"Boeing Company",+12.40,224.46,11.43,+5.37%,278.57,154.52,+42.89%,2021-11-05
BAC,"Bank of America Corp",+67.61,46.97,-0.36,-0.76%,48.69,24.23,+90.86%,2021-11-05
BAX,"Baxter International Inc",-5.82,78.04,-0.27,-0.34%,88.32,73.12,+0.36%,2021-11-05
BBWI,"Bath & Body Works Inc",+145.63,75.31,-0.58,-0.76%,77.44,26.19,+173.78%,2021-11-05
BBY,"Best Buy Company",+19.39,129.07,0.46,+0.36%,130.55,95.93,+4.88%,2021-11-05
BDX,"Becton Dickinson and Company",-0.77,243.71,-0.37,-0.15%,267.37,226.15,+3.86%,2021-11-05
BEN,"Franklin Resources",+66.47,35.88,-0.39,-1.08%,38.27,19.22,+78.24%,2021-11-05
BF-B,"Brown Forman Inc Cl B",-6.44,72.68,1.42,+1.99%,82.24,66.25,-3.24%,2021-11-05
BIIB,"Biogen Inc",-9.78,278.68,-1.73,-0.62%,468.55,223.25,-15.27%,2021-11-05
BIO,"Bio-Rad Laboratories",+20.98,725.61,-57.61,-7.36%,832.7,507.22,+15.07%,2021-11-05
BK,"Bank of New York Mellon Corp",+50.96,58.82,-0.24,-0.41%,60.52,34.92,+65.22%,2021-11-05
BKNG,"Booking Holdings Inc",+29.84,2618.97,181.96,+7.47%,2631.68,1701.09,+48.11%,2021-11-05
BKR,"Baker Hughes A Ge Co. Cl A",+29.93,24.8,-0.14,-0.56%,27.66,15.35,+57.66%,2021-11-05
BLK,"Blackrock Inc",+41.01,955.11,1.07,+0.11%,967.94,645.12,+42.94%,2021-11-05
BLL,"Ball Corp",-1.82,90.49,-0.99,-1.08%,102.76,77.95,-6.86%,2021-11-05
BMY,"Bristol-Myers Squibb Company",-8.70,59.45,0.2,+0.34%,69.75,56.11,-6.75%,2021-11-05
BR,"Broadridge Financial Solutions Llc",+18.20,173.81,2.44,+1.42%,185,137.91,+20.13%,2021-11-05
BRK-B,"Berkshire Hathaway Cl B",+23.85,287.88,0.19,+0.07%,295.08,207.59,+38.77%,2021-11-05
BRO,"Brown & Brown",+35.32,61.97,0.44,+0.72%,67.24,42.72,+36.20%,2021-11-05
BSX,"Boston Scientific Corp",+12.95,43.16,0.66,+1.55%,46.28,32.99,+22.58%,2021-11-05
BWA,"Borgwarner Inc",+18.91,46.9,0.33,+0.71%,55.55,35.79,+26.69%,2021-11-05
BXP,"Boston Properties",+24.60,116.91,2.19,+1.91%,124.24,72.53,+56.42%,2021-11-05
C,"Citigroup Inc",+22.35,66.99,-0.01,-0.01%,80.29,42.5,+55.54%,2021-11-05
CAG,"Conagra Brands Inc",-11.33,32.59,-0.06,-0.18%,39.09,32.11,-9.87%,2021-11-05
CAH,"Cardinal Health",-15.58,49.54,0.38,+0.77%,62.96,47.15,-6.63%,2021-11-05
CARR,"Carrier Global Corp",+36.36,52.79,-0.18,-0.34%,58.89,34.21,+38.19%,2021-11-05
CAT,"Caterpillar Inc",+12.22,205.88,2.29,+1.12%,246.69,160.76,+26.24%,2021-11-05
CB,"Chubb Ltd",+31.04,193.19,3.19,+1.68%,197.92,136.77,+41.29%,2021-11-05
CBOE,"CBOE Global Markets Inc",+51.51,133.27,0.75,+0.57%,139,82.55,+60.47%,2021-11-05
CBRE,"CBRE Group Inc",+79.95,106.68,1.3,+1.23%,107.88,51.76,+101.59%,2021-11-05
CCI,"Crown Castle International Corp",+5.37,180.13,-0.92,-0.51%,204.62,146.15,+10.56%,2021-11-05
CCL,"Carnival Corp",+34.38,24.79,1.91,+8.35%,31.52,13.66,+74.82%,2021-11-05
CDAY,"Ceridian Hcm Holding Inc",+37.38,123.47,1.82,+1.50%,130.37,78.2,+35.62%,2021-11-05
CDNS,"Cadence Design Sys",+57.26,178,-1.56,-0.87%,180.63,109.2,+43.47%,2021-11-05
CDW,"CDW Corp",+32.30,187.07,2.07,+1.12%,203.82,125.46,+35.38%,2021-11-05
CE,"Celanese Corp",+31.04,169.4,2.58,+1.55%,173.93,115.42,+41.56%,2021-11-05
CERN,"Cerner Corp",-0.25,75.53,-0.16,-0.21%,84.2,67.96,+4.32%,2021-11-05
CF,"Cf Industries Holdings",+79.81,59.2,0.7,+1.20%,63.4,27.06,+116.53%,2021-11-05
CFG,"Citizens Financial Group Inc/Ri",+40.62,47.79,-0.04,-0.08%,51.14,27.49,+65.31%,2021-11-05
CHD,"Church & Dwight Company",+4.10,88.78,-0.57,-0.64%,91.86,77.62,-1.39%,2021-11-05
CHRW,"C.H. Robinson Ww",+1.50,93.82,-2.23,-2.32%,104.35,84.67,+5.65%,2021-11-05
CHTR,"Charter Communicatio",+3.99,689.32,3.25,+0.47%,825.62,585.45,+6.48%,2021-11-05
CI,"Cigna Corp",-4.57,214.12,0.96,+0.45%,272.81,190.88,-0.02%,2021-11-05
CINF,"Cincinnati Financial",+53.05,126.09,1.91,+1.54%,127,73.71,+69.13%,2021-11-05
CL,"Colgate-Palmolive Company",-7.73,77.84,0.55,+0.71%,86.41,74.01,-6.23%,2021-11-05
CLX,"Clorox Company",-20.73,163.26,-1.18,-0.72%,231.11,156.23,-23.34%,2021-11-05
CMA,"Comerica Inc",+69.21,87.55,-0.11,-0.13%,89.97,44.27,+88.40%,2021-11-05
CMCSA,"Comcast Corp A",+4.80,53.9,1.17,+2.22%,61.8,43.95,+21.53%,2021-11-05
CME,"CME Group Inc",+30.27,221.71,1.14,+0.52%,230.89,149.3,+47.36%,2021-11-05
CMG,"Chipotle Mexican Grill",+39.74,1794.35,-13.81,-0.76%,1958.55,1220.2,+36.94%,2021-11-05
CMI,"Cummins Inc",-1.25,237.07,1.91,+0.81%,277.09,216.41,+3.27%,2021-11-05
CMS,"Cms Energy Corp",-5.13,60.52,0.5,+0.83%,67.98,53.19,-6.08%,2021-11-05
CNC,"Centene Corp",+14.19,74.17,0.4,+0.54%,75.59,57.16,+9.27%,2021-11-05
CNP,"Centerpoint Energy Inc",+14.22,26.67,0.17,+0.64%,27.19,19.31,+17.64%,2021-11-05
COF,"Capital One Financial Corp",+58.47,154.87,1.41,+0.92%,177.95,77.11,+96.79%,2021-11-05
COO,"Cooper Companies",+21.14,424.22,3.56,+0.85%,463.59,324.34,+27.78%,2021-11-05
COP,Conocophillips,+109.26,75.45,2.14,+2.92%,77.98,28.78,+150.50%,2021-11-05
COST,"Costco Wholesale",+45.80,513.12,-2.5,-0.48%,520.21,307,+33.20%,2021-11-05
CPB,"Campbell Soup Company",-18.72,40.73,-0.23,-0.56%,53.77,39.76,-15.25%,2021-11-05
CPRT,"Copart Inc",+35.26,153.92,-1.39,-0.89%,158.11,101.92,+24.18%,2021-11-05
CRL,"Charles River Laboratories Intl",+43.39,375.23,-4.01,-1.06%,460.21,224.06,+49.15%,2021-11-05
CRM,"Salesforce.com Inc",+35.15,307.25,-0.79,-0.26%,311.4,201.51,+18.07%,2021-11-05
CSCO,"Cisco Systems Inc",+33.25,57.07,-0.05,-0.09%,60.27,37.08,+53.29%,2021-11-05
CSX,"CSX Corp",+19.27,35.41,-0.02,-0.06%,36.45,27.7,+22.06%,2021-11-05
CTAS,"Cintas Corp",+31.13,441.95,1.36,+0.31%,448.98,314.62,+30.34%,2021-11-05
CTLT,"Catalent Inc",+15.04,122.21,-6.83,-5.29%,142.64,91.87,+19.25%,2021-11-05
CTRA,"Coterra Energy Inc",+30.19,21.58,-0.17,-0.78%,23.64,14.28,+31.19%,2021-11-05
CTSH,"Cognizant Tech Sol",+6.24,79.91,0.37,+0.47%,82.73,66.19,+7.64%,2021-11-05
CTVA,"Corteva Inc",+28.16,47.6,0.2,+0.42%,49.98,33.62,+40.25%,2021-11-05
CTXS,"Citrix Systems Inc",-32.00,89.2,-5.9,-6.20%,145.19,89.07,-25.31%,2021-11-05
CVS,"CVS Corp",+35.61,93.78,-0.71,-0.75%,96.57,63.02,+52.71%,2021-11-05
CVX,"Chevron Corp",+36.77,114.74,1.23,+1.08%,115.29,70.83,+59.05%,2021-11-05
CZR,"Caesars Entertainment Inc",+56.41,106.48,3.36,+3.26%,119.81,54.04,+89.70%,2021-11-05
D,"Dominion Resources",-6.09,76.53,1.09,+1.44%,86.95,67.85,-7.95%,2021-11-05
DAL,"Delta Air Lines Inc",+16.38,44.29,3.3,+8.05%,52.28,31.03,+38.49%,2021-11-05
DD,"Du Pont De.Nemours Inc",+25.88,80.4,0.89,+1.12%,87.27,59.42,+33.58%,2021-11-05
DE,"Deere & Company",+30.27,355.2,4.35,+1.24%,400.34,245.96,+44.38%,2021-11-05
DFS,"Discover Financial Services",+38.12,116.47,1.99,+1.74%,135.69,67.38,+70.03%,2021-11-05
DG,"Dollar General Corp",+8.06,225.63,-0.58,-0.26%,239.35,173.5,+3.50%,2021-11-05
DGX,"Quest Diagnostics Inc",+13.85,140.55,-3.26,-2.27%,160.56,113.36,+9.76%,2021-11-05
DHI,"D.R. Horton",+22.68,92.5,2.35,+2.61%,106.89,64.32,+26.87%,2021-11-05
DHR,"Danaher Corp",+23.81,292.08,-13.91,-4.55%,333.96,211.22,+21.53%,2021-11-05
DIS,"Walt Disney Company",+17.29,175.63,5.35,+3.14%,203.02,124.61,+38.33%,2021-11-05
DISCA,"Discovery Comm A",+34.59,26.52,1.06,+4.16%,78.14,20.47,+23.75%,2021-11-05
DISCK,"Discovery Comm Inc",+47.41,25.68,0.98,+3.97%,66.7,18.49,+32.64%,2021-11-05
DISH,"Dish Network Corp",+10.63,37.86,0.78,+2.10%,47.05,27.44,+38.23%,2021-11-05
DLR,"Digital Realty Trust",+8.28,155.47,-0.69,-0.44%,168.3,124.65,+5.40%,2021-11-05
DLTR,"Dollar Tree Inc",+15.46,110,1.93,+1.79%,120.37,84.26,+15.67%,2021-11-05
DOV,"Dover Corp",+39.42,171.29,-0.85,-0.49%,176.46,113.86,+45.94%,2021-11-05
DOW,"Dow Inc",+5.08,58.31,1.14,+1.99%,71.38,48.03,+19.07%,2021-11-05
DPZ,"Domino's Pizza Inc",+28.57,495.88,-13.5,-2.65%,548.72,319.71,+25.15%,2021-11-05
DRE,"Duke Realty Corp",+42.90,56.04,-0.4,-0.71%,57,37.54,+38.06%,2021-11-05
DRI,"Darden Restaurants",+37.58,154.48,8.4,+5.75%,164.28,100.5,+52.17%,2021-11-05
DTE,"Dte Energy Company",+4.81,114.13,0.73,+0.64%,122.14,96.4,+9.45%,2021-11-05
DUK,"Duke Energy Corp",+7.10,101.68,0.66,+0.65%,108.38,85.56,+7.92%,2021-11-05
DVA,"Davita Healthcare Partners Inc",-5.74,109.36,5.1,+4.89%,136.48,97.5,+11.42%,2021-11-05
DVN,"Devon Energy Corp",+256.21,43.58,1.22,+2.88%,44.03,9.73,+333.63%,2021-11-05
DXC,"Dxc Technology Company",+47.29,34.33,0.5,+1.48%,44.18,18.03,+75.33%,2021-11-05
DXCM,Dexcom,+101.21,635.46,5.64,+0.90%,649.54,311.01,+78.95%,2021-11-05
EA,"Electronic Arts Inc",+10.25,139.57,-2.91,-2.04%,150.3,110.15,+8.76%,2021-11-05
EBAY,"Ebay Inc",+50.59,75.57,-0.71,-0.93%,81.19,45.36,+52.94%,2021-11-05
ECL,"Ecolab Inc",+11.66,230.68,2.58,+1.13%,231.25,196.71,+17.44%,2021-11-05
ED,"Consolidated Edison Company of New York",+0.67,78.21,1.93,+2.53%,82.75,65.56,-1.91%,2021-11-05
EFX,"Equifax Inc",+71.66,284.56,-0.02,-0.01%,286.59,149.51,+87.64%,2021-11-05
EIX,"Edison International",+6.19,64.05,1.01,+1.60%,66.68,53.92,+7.86%,2021-11-05
EL,"Estee Lauder Companies",+37.61,349.5,9.75,+2.87%,350.37,231.97,+47.56%,2021-11-05
EMN,"Eastman Chemical Company",+13.28,111.83,3.79,+3.51%,130.47,84.74,+29.40%,2021-11-05
EMR,"Emerson Electric Company",+23.78,97.93,0.77,+0.79%,105.99,69.56,+38.97%,2021-11-05
ENPH,"Enphase Energy Inc",+87.34,237.9,-4.7,-1.94%,244.88,108.05,+97.82%,2021-11-05
EOG,"Eog Resources",+111.65,95.12,4.22,+4.64%,96.19,34.04,+167.19%,2021-11-05
EQIX,"Equinix Inc",+3.59,781.92,-21.67,-2.70%,885.26,586.73,+0.11%,2021-11-05
EQR,"Equity Residential",+37.33,84.46,0.92,+1.10%,88.08,51.13,+62.24%,2021-11-05
ES,"Eversource Energy",-7.50,84.41,0.59,+0.70%,96.66,76.64,-8.45%,2021-11-05
ESS,"Essex Property Trust",+33.00,337.08,5.1,+1.54%,347.21,223.87,+49.06%,2021-11-05
ETN,"Eaton Corp",+48.29,171.3,-0.68,-0.40%,173.45,109.25,+56.00%,2021-11-05
ETR,"Entergy Corp",-2.46,104.25,1.35,+1.31%,115.01,85.78,-2.41%,2021-11-05
ETSY,"Etsy Inc",+100.38,260.12,-11.15,-4.11%,283.4,113.49,+81.09%,2021-11-05
EVRG,"Evergy Inc",+13.67,64.88,1.16,+1.82%,69.45,51.88,+17.56%,2021-11-05
EW,"Edwards Lifesciences Corp",+45.58,118.65,1.28,+1.09%,123.27,77.16,+53.00%,2021-11-05
EXC,"Exelon Corp",+31.96,54.14,0.03,+0.06%,54.7,38.35,+25.70%,2021-11-05
EXPD,"Expeditors Intl",+35.66,125.17,-5.56,-4.25%,131.62,86.7,+43.20%,2021-11-05
EXPE,"Expedia Group Inc",+44.13,182.17,24.62,+15.63%,187.93,100.8,+76.69%,2021-11-05
EXR,"Extra Space Storage Inc",+68.23,194.6,-4.28,-2.15%,203.99,106.33,+70.85%,2021-11-05
F,"Ford Motor Company",+131.84,19.29,-0.13,-0.67%,19.72,7.75,+141.43%,2021-11-05
FANG,"Diamondback Energy",+198.40,113.79,1.03,+0.91%,116.39,24.57,+334.31%,2021-11-05
FAST,"Fastenal Company",+24.41,58.23,-0.3,-0.51%,59.56,43.37,+25.66%,2021-11-05
FB,"Meta Platforms Inc",+21.47,341.13,5.28,+1.57%,384.33,244.61,+15.76%,2021-11-05
FBHS,"Fortune Brands Home & Security",+20.52,102.36,0.7,+0.69%,114,79.19,+14.84%,2021-11-05
FCX,"Freeport-Mcmoran Inc",+60.65,37.04,0.04,+0.11%,46.1,19.03,+96.81%,2021-11-05
FDX,"Fedex Corp",-13.95,242.77,-2.24,-0.91%,319.9,216.34,-13.01%,2021-11-05
FE,"Firstenergy Corp",+29.65,39.07,0.16,+0.41%,39.94,26.17,+32.94%,2021-11-05
FFIV,"F5 Networks Inc",+36.92,221.68,-0.95,-0.43%,225.64,139.73,+57.39%,2021-11-05
FIS,"Fidelity National Information Services",-25.86,113.66,1.91,+1.71%,155.96,104.29,-14.28%,2021-11-05
FISV,"Fiserv Inc",-13.04,100.36,-1.61,-1.58%,127.34,94.39,-1.76%,2021-11-05
FITB,"Fifth Third Bancorp",+64.53,44.08,0.1,+0.23%,45.92,22.93,+83.67%,2021-11-05
FLT,"Fleetcor Technologies",-10.10,244.76,3.01,+1.25%,295.36,229.79,+1.98%,2021-11-05
FMC,"FMC Corp",-1.42,106.63,2.28,+2.18%,123.66,87.27,-2.30%,2021-11-05
FOX,"Fox Corp Cl B",+39.15,38.61,0.19,+0.49%,42.14,25.26,+46.42%,2021-11-05
FOXA,"Fox Corp Cl A",+45.00,41.48,0.15,+0.36%,44.8,25.33,+55.88%,2021-11-05
FRC,"First Republic Bank",+60.34,219.05,0.05,+0.02%,222,127.6,+71.51%,2021-11-05
FRT,"Federal Realty Investment Trust",+50.21,132.56,5.84,+4.61%,135.55,67.9,+83.86%,2021-11-05
FTNT,"Fortinet Inc",+180.77,341.19,2.79,+0.82%,349.23,109.93,+185.49%,2021-11-05
FTV,"Fortive Corp",+14.67,78.71,0.65,+0.83%,78.99,64.58,+15.84%,2021-11-05
GD,"General Dynamics Corp",+29.71,201,2.84,+1.43%,210.21,138.14,+44.45%,2021-11-05
GE,"General Electric Company",+37.35,108.74,3.53,+3.36%,115.32,63.68,+70.12%,2021-11-05
GILD,"Gilead Sciences Inc",+6.23,66.32,-0.15,-0.23%,73.34,56.56,+11.22%,2021-11-05
GIS,"General Mills",+5.05,62.65,-0.06,-0.10%,64.65,53.96,+3.45%,2021-11-05
GL,"Globe Life Inc",+0.88,94.85,2.29,+2.47%,108.22,84.23,+9.91%,2021-11-05
GLW,"Corning Inc",+1.91,38.34,1.67,+4.55%,46.82,34.39,+11.16%,2021-11-05
GM,"General Motors Company",+34.96,58.52,-0.12,-0.20%,64.3,37.01,+57.57%,2021-11-05
GNRC,"Generac Holdings Inc",+90.85,442.88,-9.15,-2.02%,524.31,202.56,+91.95%,2021-11-05
GOOG,"Alphabet Cl C",+66.81,2984.82,11.16,+0.38%,3011.41,1699,+69.27%,2021-11-05
GOOGL,"Alphabet Cl A",+67.75,2977.04,11.69,+0.39%,3006.55,1694,+68.91%,2021-11-05
GPC,"Genuine Parts Company",+37.19,136.36,2.62,+1.96%,137.15,93.62,+41.72%,2021-11-05
GPN,"Global Payments Inc",-34.90,136.75,1.12,+0.83%,220.81,128.61,-21.52%,2021-11-05
GPS,"Gap Inc",+3.47,24.89,0.3,+1.22%,37.63,19.1,+16.85%,2021-11-05
GRMN,"Garmin Ltd",+14.14,142.18,-0.52,-0.36%,178.8,112.82,+25.52%,2021-11-05
GS,"Goldman Sachs Group",+70.57,407.08,-0.99,-0.24%,426.16,200.42,+100.57%,2021-11-05
GWW,"W.W. Grainger",+20.44,472.93,-6.9,-1.44%,484.03,356.23,+24.84%,2021-11-05
HAL,"Halliburton Company",+61.13,24.69,0.17,+0.69%,26.75,12.27,+96.42%,2021-11-05
HAS,"Hasbro Inc",+6.93,96,1.18,+1.24%,104.89,83.18,+14.15%,2021-11-05
HBAN,"Huntington Bcshs",+29.85,15.85,0.1,+0.63%,16.91,10.07,+49.95%,2021-11-05
HBI,"Hanesbrands Inc",+25.28,17.99,0.19,+1.07%,22.82,12.28,+34.96%,2021-11-05
HCA,"Hca Holdings Inc",+59.09,248.27,0.86,+0.35%,263.92,136.35,+80.48%,2021-11-05
HD,"Home Depot",+36.60,368.4,-3.78,-1.02%,375.15,246.59,+28.88%,2021-11-05
HES,"Hess Corp",+70.72,82.55,0.42,+0.51%,92.79,36.44,+123.11%,2021-11-05
HIG,"Hartford Financial Services Group",+50.43,71.83,-0.11,-0.15%,78.17,39.3,+79.84%,2021-11-05
HII,"Huntington Ingalls Industries",+11.33,194.02,2.71,+1.42%,224.13,151.5,+27.80%,2021-11-05
HLT,"Hilton Inc",+47.57,151.84,4.4,+2.98%,153.84,92.28,+61.39%,2021-11-05
HOLX,"Hologic Inc",-3.92,68.97,-2.86,-3.98%,85,60.1,-10.04%,2021-11-05
HON,"Honeywell International Inc",+10.58,226.06,3.57,+1.60%,236.86,182.88,+23.34%,2021-11-05
HPE,"Hewlett Packard Enterprise Comp",+40.19,15.46,0.19,+1.24%,16.74,9.09,+66.59%,2021-11-05
HPQ,"HP Inc",+50.75,31.95,0.62,+1.98%,36,18.69,+67.02%,2021-11-05
HRL,"Hormel Foods Corp",-15.74,43.21,0.07,+0.16%,52.51,40.48,-12.81%,2021-11-05
HSIC,"Henry Schein Inc",+21.70,80.1,1.42,+1.80%,83.45,60.7,+30.10%,2021-11-05
HST,"Host Marriott Financial Trust",+36.05,18.37,0.45,+2.51%,19.02,10.41,+68.07%,2021-11-05
HSY,"Hershey Foods Corp",+13.37,175.39,0.02,+0.01%,182.71,143.58,+21.29%,2021-11-05
HUM,"Humana Inc",+8.32,453.43,-0.12,-0.03%,475.44,370.22,+2.87%,2021-11-05
HWM,"Howmet Aerospace Inc",+38.68,33.4,2.4,+7.74%,36.03,18.67,+77.28%,2021-11-05
IBM,"International Business Machines",-2.37,123.61,2.76,+2.28%,152.84,113.39,+7.70%,2021-11-05
ICE,"Intercontinental Exchange",+37.32,136.08,-0.44,-0.32%,139.79,96.14,+34.79%,2021-11-05
IDXX,"Idexx Laboratories",+34.96,637.4,-2.56,-0.40%,706.95,421.15,+36.21%,2021-11-05
IEX,"Idex Corp",+21.97,234.51,1.13,+0.48%,236.67,176.62,+31.92%,2021-11-05
IFF,"International Flavors & Fragrances",+21.78,143.6,1.73,+1.22%,157.08,103.94,+33.52%,2021-11-05
ILMN,"Illumina Inc",+18.59,408.14,-13.69,-3.25%,555.77,292.65,+30.93%,2021-11-05
INCY,"Incyte Corp",-21.30,67.86,0.37,+0.55%,101.47,61.91,-19.83%,2021-11-05
INFO,"IHS Markit Ltd",+40.15,126.66,-0.45,-0.35%,131.4,83.26,+43.49%,2021-11-05
INTC,"Intel Corp",+2.26,50.92,0.61,+1.21%,68.49,44.55,+11.47%,2021-11-05
INTU,"Intuit Inc",+76.48,614.99,-10.69,-1.71%,631.56,337.72,+75.23%,2021-11-05
IP,"International Paper Company",-7.27,48.87,0.12,+0.25%,65.27,46,+4.22%,2021-11-05
IPG,"Interpublic Group of Companies",+60.66,36.42,0.64,+1.79%,39.35,18.97,+86.48%,2021-11-05
IPGP,"Ipg Photonics Corp",-19.07,171.36,2.39,+1.41%,262.55,151.27,-13.26%,2021-11-05
IQV,"Iqvia Holdings Inc",+36.25,247.19,-6.67,-2.63%,265.34,165.49,+43.96%,2021-11-05
IR,"Ingersoll Rand Inc",+35.40,57.25,0.1,+0.17%,58.43,39.65,+43.84%,2021-11-05
IRM,"Iron Mountain Inc",+74.60,47.65,1.43,+3.09%,49.58,24.85,+73.40%,2021-11-05
ISRG,"Intuitive Surg Inc",+49.66,364.95,1.63,+0.45%,369.69,227.47,+50.33%,2021-11-05
IT,"Gartner Inc",+113.30,331.46,0.75,+0.23%,368.99,144.37,+126.64%,2021-11-05
ITW,"Illinois Tool Works Inc",+11.89,234.07,1.45,+0.62%,242.07,192.89,+12.06%,2021-11-05
IVZ,"Invesco Plc",+50.04,25.98,0.05,+0.19%,29.71,13.78,+80.04%,2021-11-05
J,"Jacobs Engineering Group Inc",+34.64,142.63,0.88,+0.62%,145.97,97.21,+45.90%,2021-11-05
JBHT,"J B Hunt Transport",+47.27,193.27,-4,-2.03%,201.09,121.85,+53.44%,2021-11-05
JCI,"Johnson Controls Intl",+59.30,74.63,0.83,+1.12%,76.83,43.25,+71.64%,2021-11-05
JKHY,"Jack Henry & Assoc",-3.23,158.35,-0.3,-0.19%,179.98,141.65,+3.05%,2021-11-05
JNJ,"Johnson & Johnson",+5.77,163.43,-1.17,-0.71%,179.92,139.65,+16.94%,2021-11-05
JNPR,"Juniper Networks",+43.56,31.29,0.22,+0.71%,31.77,20.39,+52.56%,2021-11-05
JPM,"JP Morgan Chase & Company",+40.05,168.05,-0.24,-0.14%,172.96,102.39,+61.04%,2021-11-05
K,"Kellogg Company",-3.67,62.56,-0.35,-0.56%,68.6,56.61,-2.71%,2021-11-05
KEY,Keycorp,+53.32,23.68,0.15,+0.64%,24.57,12.82,+79.94%,2021-11-05
KEYS,"Keysight Technologies Inc Comm",+55.90,183.68,-2.38,-1.28%,187.78,109.97,+65.28%,2021-11-05
KHC,"Kraft Heinz Company",+13.37,37.84,0.65,+1.75%,44.95,29.53,+19.37%,2021-11-05
KIM,"Kimco Realty Corp",+66.52,24.34,0.93,+3.97%,24.95,10.17,+129.84%,2021-11-05
KLAC,"K L A-Tencor Corp",+77.42,416.73,7.65,+1.87%,418.4,223.13,+82.70%,2021-11-05
KMB,"Kimberly-Clark Corp",-4.95,132.23,0.98,+0.75%,144.44,125.27,-1.56%,2021-11-05
KMI,"Kinder Morgan",+21.11,16.95,0.2,+1.19%,19.29,11.45,+42.44%,2021-11-05
KMX,"Carmax Inc",+61.17,154.69,3.68,+2.44%,154.74,90.29,+65.76%,2021-11-05
KO,"Coca-Cola Company",+8.24,56.84,0.24,+0.42%,57.56,48.11,+14.97%,2021-11-05
KR,"Kroger Company",+30.60,42.32,-1.1,-2.53%,47.99,30.35,+29.34%,2021-11-05
KSU,"Kansas City Southern",+58.82,308.41,1.68,+0.55%,315.39,175.45,+67.97%,2021-11-05
L,"Loews Corp",+30.21,57.22,0.56,+0.99%,59.39,37.64,+51.02%,2021-11-05
LDOS,"Leidos Holdings Inc",-6.78,94.69,-0.08,-0.08%,113.75,87.97,+3.60%,2021-11-05
LEG,"Leggett & Platt Inc",-1.32,44.15,0.43,+0.98%,59.16,39.25,+4.35%,2021-11-05
LEN,"Lennar Corp",+33.21,104.29,2.89,+2.85%,110.61,69.69,+32.48%,2021-11-05
LH,"Laboratory Corp of America Holdings",+28.83,274.84,-9.4,-3.31%,309.6,192.79,+28.18%,2021-11-05
LHX,"L3Harris Technologies Inc",+14.28,223.97,1.83,+0.82%,246.08,168.7,+23.71%,2021-11-05
LIN,"Linde Plc",+31.81,331.99,0.49,+0.15%,332.61,240.8,+32.92%,2021-11-05
LKQ,"LKQ Corp",+59.16,57.28,-0.14,-0.24%,58.55,33.81,+64.41%,2021-11-05
LLY,"Eli Lilly and Company",+78.53,265,-6,-2.21%,275.87,138.61,+82.11%,2021-11-05
LMT,"Lockheed Martin Corp",-10.84,339.89,4.39,+1.31%,396.99,319.81,-6.80%,2021-11-05
LNC,"Lincoln National Corp",+62.31,72.46,0.65,+0.91%,77.57,33.75,+101.84%,2021-11-05
LNT,"Alliant Energy Corp",+1.64,56.42,0.77,+1.38%,62.35,45.99,+2.81%,2021-11-05
LOW,"Lowe's Companies",+51.37,235.54,-2.24,-0.94%,239.27,146.72,+39.17%,2021-11-05
LRCX,"Lam Research Corp",+32.97,610.77,12.04,+2.01%,673.8,395.85,+52.80%,2021-11-05
LUMN,Centurylink,+38.43,14.11,0.39,+2.84%,16.6,9.03,+52.05%,2021-11-05
LUV,"Southwest Airlines Company",+11.59,52.23,3.16,+6.44%,64.75,39.77,+27.24%,2021-11-05
LVS,"Las Vegas Sands",-27.96,42.64,2.9,+7.30%,66.76,35.59,-18.94%,2021-11-05
LW,"Lamb Weston Holdings Inc",-26.69,57.66,1.51,+2.69%,86.41,54.18,-14.91%,2021-11-05
LYB,"Lyondellbasell Industries NV",+9.16,92.97,1.89,+2.08%,118.01,72.04,+25.28%,2021-11-05
LYV,"Live Nation Entertainment",+93.46,123.8,16.28,+15.14%,127.75,53.15,+119.39%,2021-11-05
MA,"Mastercard Inc",+1.04,348.79,13.36,+3.98%,401.5,310.09,+10.19%,2021-11-05
MAA,"Mid-America Apartment Communities",+55.40,202.35,1.87,+0.93%,207.68,119.21,+63.15%,2021-11-05
MAR,"Marriot Int Cl A",+41.52,167.61,3.52,+2.15%,171.68,101.5,+66.10%,2021-11-05
MAS,"Masco Corp",+17.68,64.17,-0.5,-0.77%,68.54,51.53,+11.27%,2021-11-05
MCD,"McDonald's Corp",+21.14,254.71,1.25,+0.49%,257.53,202.73,+17.75%,2021-11-05
MCHP,"Microchip Technology",+35.09,85.76,2.84,+3.42%,87.19,60.03,+44.89%,2021-11-05
MCK,"Mckesson Corp",+25.70,221.69,-1.4,-0.63%,227.8,168.88,+29.68%,2021-11-05
MCO,"Moody's Corp",+39.71,387.11,-1.93,-0.50%,407.94,261.38,+33.00%,2021-11-05
MDLZ,"Mondelez Intl Inc",+7.41,62.26,0.17,+0.27%,65.6,52.91,+11.90%,2021-11-05
MDT,"Medtronic Inc",+5.99,122.98,2.29,+1.90%,135.89,103,+18.24%,2021-11-05
MET,"Metlife Inc",+35.28,63.99,0.08,+0.13%,67.68,40.08,+55.58%,2021-11-05
MGM,"MGM Resorts International",+87.97,50.37,2.97,+6.27%,51.03,21.51,+130.63%,2021-11-05
MHK,"Mohawk Industries",+25.89,177,2.19,+1.25%,231.8,115.79,+44.88%,2021-11-05
MKC,"Mccormick & Company",-12.87,81.23,-0.08,-0.10%,98.8,77.85,-13.83%,2021-11-05
MKTX,"Marketaxess Holdings",-29.48,388.31,-0.22,-0.06%,606.45,385.01,-33.18%,2021-11-05
MLM,"Martin Marietta Materials",+54.03,412.32,-0.81,-0.20%,422.61,253.35,+58.46%,2021-11-05
MMC,"Marsh & Mclennan Companies",+43.08,161.45,0.27,+0.17%,171.13,106.95,+48.94%,2021-11-05
MMM,"3M Company",+2.47,181.8,1.19,+0.66%,208.95,161.57,+11.40%,2021-11-05
MNST,"Monster Beverage Cp",+5.93,91.63,3.85,+4.39%,99.89,80.51,+9.50%,2021-11-05
MO,"Altria Group",+5.28,45.2,0.59,+1.32%,52.59,37.07,+21.15%,2021-11-05
MOS,"Mosaic Company",+84.81,37.35,-1.45,-3.74%,43.24,16.66,+117.53%,2021-11-05
MPC,"Marathon Petroleum Corp",+65.60,65.81,2.24,+3.52%,68.78,31.29,+106.75%,2021-11-05
MPWR,"Monolithic Power Sys",+84.39,546.28,11.21,+2.10%,551.5,296.21,+53.19%,2021-11-05
MRK,"Merck & Company",+3.27,81.61,-8.93,-9.86%,91.4,70.89,+1.43%,2021-11-05
MRNA,"Moderna Inc",+108.82,236.99,-47.03,-16.56%,497.49,70.87,+231.55%,2021-11-05
MRO,"Marathon Oil Corp",+209.21,17.07,0.5,+3.02%,17.44,4.1,+297.90%,2021-11-05
MS,"Morgan Stanley",+63.02,99.87,0.08,+0.08%,105.95,51.51,+91.32%,2021-11-05
MSCI,"MSCI Inc",+68.38,653.34,-8.33,-1.26%,669.72,373.48,+56.40%,2021-11-05
MSFT,"Microsoft Corp",+59.98,336.06,-0.38,-0.11%,338.79,208.16,+50.50%,2021-11-05
MSI,"Motorola Solutions",+46.21,247.44,-3.97,-1.58%,254.7,161.2,+53.83%,2021-11-05
MTB,"M&T Bank Corp",+25.57,155.09,0.92,+0.60%,168.27,98.15,+49.76%,2021-11-05
MTCH,"Match Group Inc",+19.16,160.73,3.75,+2.39%,182,129.38,+19.09%,2021-11-05
MTD,"Mettler-Toledo International",+30.10,1518.53,34.13,+2.30%,1626.62,1033.4,+37.58%,2021-11-05
MU,"Micron Technology",+12.10,72.92,0.68,+0.94%,96.96,54.33,+33.60%,2021-11-05
NCLH,"Norwegian Cruise Ord",+35.51,28.92,2.1,+7.83%,34.49,16.65,+67.65%,2021-11-05
NDAQ,"Nasdaq Inc",+69.36,212.83,0.56,+0.26%,214.96,122.23,+59.77%,2021-11-05
NEE,"Nextera Energy",+14.10,85.53,0.77,+0.91%,87.69,68.33,+14.42%,2021-11-05
NEM,"Newmont Mining Corp",-14.51,56.36,1.51,+2.75%,75.31,53.03,-16.93%,2021-11-05
NFLX,"Netflix Inc",+37.43,645.72,-22.68,-3.39%,690.97,463.41,+25.69%,2021-11-05
NI,"NiSource Inc",+5.17,25.31,0.24,+0.96%,26.6,21.09,+7.02%,2021-11-05
NKE,"Nike Inc",+41.50,177.51,2.07,+1.18%,179.1,125.44,+36.86%,2021-11-05
NLOK,"Nortonlifelock Inc",+16.23,24.77,-0.18,-0.72%,28.92,17.98,+12.49%,2021-11-05
NLSN,"Nielsen Holdings Plc",+18.64,21.34,0.51,+2.45%,28.42,14.05,+51.03%,2021-11-05
NOC,"Northrop Grumman Corp",+15.25,364.37,7.71,+2.16%,408.03,282.88,+18.53%,2021-11-05
NOW,"Servicenow Inc",+42.32,692.01,-9.72,-1.39%,707.6,448.27,+30.30%,2021-11-05
NRG,"NRG Energy",+3.28,36.28,0.72,+2.02%,46.1,30.47,+12.95%,2021-11-05
NSC,"Norfolk Southern Corp",+18.83,283.9,-0.65,-0.23%,296.06,222.6,+25.74%,2021-11-05
NTAP,"Netapp Inc",+69.80,91.05,0.35,+0.39%,94.69,46.34,+94.93%,2021-11-05
NTRS,"Northern Trust Corp",+34.62,123.57,0.99,+0.81%,126.73,81.12,+51.47%,2021-11-05
NUE,"Nucor Corp",+103.54,112.2,0.4,+0.36%,128.81,47.94,+129.92%,2021-11-05
NVDA,"Nvidia Corp",+151.05,297.52,-0.49,-0.16%,314,115.67,+110.11%,2021-11-05
NVR,"NVR Inc",+18.41,5089.24,36.86,+0.73%,5332.08,3875.2,+19.41%,2021-11-05
NWL,"Newell Rubbermaid Inc",+12.43,24.13,0.39,+1.64%,30.1,18.61,+23.36%,2021-11-05
NWS,"News Cp Cl B",+32.77,24.26,0.87,+3.72%,26.21,14.77,+74.53%,2021-11-05
NWSA,"News Cp Cl A",+31.87,24.37,0.9,+3.83%,27.97,14.79,+74.07%,2021-11-05
NXPI,"Nxp Semiconductors",+47.62,224.25,4.99,+2.28%,228.72,139.94,+55.32%,2021-11-05
O,"Realty Income Corp",+15.28,71.77,0.49,+0.69%,74.6,57,+23.74%,2021-11-05
ODFL,"Old Dominion Freight Line Inc",+80.01,348.83,-6.43,-1.81%,360.64,189.45,+69.20%,2021-11-05
OGN,"Organon & CO",N/A,36.28,0.02,+0.06%,38.75,27.25,N/A,2021-11-05
OKE,"Oneok Inc",+92.94,64.72,1.28,+2.02%,66.78,26.76,+126.77%,2021-11-05
OMC,"Omnicom Group Inc",+7.14,68.8,1.17,+1.73%,86.38,48.05,+39.50%,2021-11-05
ORCL,"Oracle Corp",+62.78,94.95,-0.68,-0.71%,98.95,55.56,+67.58%,2021-11-05
ORLY,"O'Reilly Automotive",+39.74,638.08,4.21,+0.66%,669.09,424.03,+41.76%,2021-11-05
OTIS,"Otis Worldwide Corp",+20.97,81.71,-0.13,-0.16%,92.84,61.28,+30.46%,2021-11-05
OXY,"Occidental Petroleum Corp",+141.29,33.42,-0.33,-0.98%,35.75,9.94,+219.20%,2021-11-05
PAYC,"Paycom Software Inc",+37.70,504.4,-7.6,-1.48%,558.97,302.44,+35.13%,2021-11-05
PAYX,"Paychex Inc",+39.62,124.63,0.89,+0.72%,125.81,85.3,+43.91%,2021-11-05
PBCT,"People's United Finl",+34.44,17.97,0.07,+0.39%,19.62,10.44,+63.22%,2021-11-05
PCAR,"Paccar Inc",+1.41,90,0.42,+0.47%,103.19,77.96,-0.67%,2021-11-05
PEAK,"Healthpeak Properties Inc",+12.77,34.24,-0.05,-0.15%,37.69,27.93,+19.47%,2021-11-05
PEG,"Public Service Enterprise Group Inc",+9.58,64.19,0.51,+0.80%,65.33,53.77,+9.19%,2021-11-05
PENN,"Penn Natl Gaming Inc",-28.40,61.76,4.36,+7.60%,142,56.35,-5.59%,2021-11-05
PEP,"Pepsico Inc",+18.79,166,1.69,+1.03%,166.43,128.32,+20.25%,2021-11-05
PFE,"Pfizer Inc",+33.27,48.61,4.76,+10.86%,51.86,33.36,+33.58%,2021-11-05
PFG,"Principal Financial Group Inc",+42.85,68.95,0.49,+0.72%,70.34,41.13,+60.31%,2021-11-05
PG,"Procter & Gamble Company",+5.12,146.04,0.72,+0.50%,147.23,121.54,+2.57%,2021-11-05
PGR,"Progressive Corp",+0.93,95.84,1.27,+1.34%,107.58,84.89,-1.49%,2021-11-05
PH,"Parker-Hannifin Corp",+24.74,325.75,0.11,+0.03%,330.6,236.11,+36.88%,2021-11-05
PHM,Pultegroup,+11.94,50.43,1.35,+2.75%,63.9,39.92,+9.58%,2021-11-05
PKG,"Packaging Corp of America",+0.46,135.38,0.98,+0.73%,156.54,121.35,+10.48%,2021-11-05
PKI,Perkinelmer,+26.15,168.84,-3.15,-1.83%,192,119.95,+21.99%,2021-11-05
PLD,"Prologis Inc",+47.39,146.69,-1.18,-0.80%,149.09,93.08,+38.54%,2021-11-05
PM,"Philip Morris International Inc",+16.82,94.3,0.58,+0.62%,106.51,70.13,+33.00%,2021-11-05
PNC,"PNC Bank",+57.64,207.1,-0.61,-0.29%,217.6,114.14,+76.75%,2021-11-05
PNR,"Pentair Ltd",+37.40,74.31,-0.32,-0.43%,80.4,50.03,+38.20%,2021-11-05
PNW,"Pinnacle West Capital Corp",-30.16,64.56,0.96,+1.51%,91.88,62.78,-23.58%,2021-11-05
POOL,"Pool Corp",+54.07,517.97,-4.2,-0.80%,528.75,305.47,+34.92%,2021-11-05
PPG,"PPG Industries",+12.31,163.09,-0.16,-0.10%,182.97,132.1,+17.96%,2021-11-05
PPL,"PPL Corp",-2.27,28.72,-0.17,-0.59%,30.81,26.15,+2.35%,2021-11-05
PRU,"Prudential Financial Inc",+45.89,110.92,-0.88,-0.79%,115.52,63.05,+69.68%,2021-11-05
PSA,"Public Storage",+38.24,322.88,-9.67,-2.91%,340.95,212.22,+39.98%,2021-11-05
PSX,"Phillips 66",+21.57,77.77,0.89,+1.16%,94.34,46.19,+61.38%,2021-11-05
PTC,"Ptc Inc",+16.66,125.94,5.01,+4.14%,153.73,89.99,+34.06%,2021-11-05
PVH,"Phillips-Van Heusen Corp",+64.08,122.91,3.35,+2.80%,125.42,58.82,+96.84%,2021-11-05
PWR,"Quanta Services",+69.54,117.42,4.14,+3.65%,122.95,64.1,+82.07%,2021-11-05
PXD,"Pioneer Natural Resources Company",+89.16,185.3,-0.52,-0.28%,196.64,77.1,+132.85%,2021-11-05
PYPL,"Paypal Holdings",+2.71,225.78,-2.44,-1.07%,310.16,178.6,+10.37%,2021-11-05
QCOM,"Qualcomm Inc",+16.61,163.03,6.92,+4.43%,168.55,122.17,+12.12%,2021-11-05
QRVO,"Qorvo Inc",-4.88,156.07,1.61,+1.04%,201.68,140.68,+6.39%,2021-11-05
RCL,"Royal Caribbean Cruises Ltd",+38.65,96.67,7.94,+8.95%,99.24,58.2,+60.66%,2021-11-05
RE,"Everest Re Group",+17.94,273.55,4.74,+1.76%,289.68,208.03,+29.14%,2021-11-05
REG,"Regency Centers Corp",+65.19,75.95,1.94,+2.62%,78.07,33.29,+109.92%,2021-11-05
REGN,"Regeneron Pharmaceuticals",+13.64,611.54,-36.09,-5.57%,686.62,441,+3.86%,2021-11-05
RF,"Regions Financial Corp",+59.22,24.31,0.04,+0.16%,24.77,12.98,+77.70%,2021-11-05
RHI,"Robert Half International Inc",+90.91,118.76,-0.81,-0.68%,120.83,51.51,+127.42%,2021-11-05
RJF,"Raymond James Financial",+66.66,100,-0.47,-0.47%,103.46,51.45,+88.35%,2021-11-05
RL,"Ralph Lauren Corp",+50.64,127.54,3.18,+2.56%,142.06,67.41,+82.38%,2021-11-05
RMD,"Resmed Inc",+23.76,260.55,-2.1,-0.80%,301.34,179.37,+22.43%,2021-11-05
ROK,"Rockwell Automation Inc",+44.31,339.01,-2.88,-0.84%,345.83,231.74,+35.44%,2021-11-05
ROL,"Rollins Inc",-7.31,35.86,-0.43,-1.18%,43,31.44,-15.01%,2021-11-05
ROP,"Roper Industries",+21.61,484.3,-3.35,-0.69%,505,365.23,+25.47%,2021-11-05
ROST,"Ross Stores Inc",+7.61,119.65,2.06,+1.75%,134.21,92.58,+26.03%,2021-11-05
RSG,"Republic Services",+37.52,132.76,-0.78,-0.58%,145.98,88.62,+39.00%,2021-11-05
RTX,"Raytheon Technologies Corp",+34.70,91.18,3.12,+3.54%,92.32,57.24,+56.45%,2021-11-05
SBAC,"SBA Communications",+17.45,344.21,-2.26,-0.65%,369.56,232.88,+12.55%,2021-11-05
SBUX,"Starbucks Corp",+18.54,116.91,4.75,+4.24%,126.32,89.78,+29.01%,2021-11-05
SCHW,"The Charles Schwab Corp",+67.72,81.15,-0.3,-0.37%,84.49,40.98,+95.78%,2021-11-05
SEE,"Sealed Air Corp",+46.53,62.92,1.2,+1.94%,63.98,41.48,+48.33%,2021-11-05
SHW,"Sherwin-Williams Company",+34.90,319.03,0.44,+0.14%,323.82,218.06,+31.14%,2021-11-05
SIVB,"Svb Financial Group",+111.70,747.52,-3.66,-0.49%,762.95,312.34,+139.08%,2021-11-05
SJM,"J.M. Smucker Company",+4.46,125.78,0.97,+0.78%,140.65,110.53,+8.62%,2021-11-05
SLB,"Schlumberger N.V.",+72.44,33.51,0.36,+1.09%,36.87,15.14,+115.91%,2021-11-05
SNA,"Snap-On Inc",+14.98,212.01,2.41,+1.15%,259.99,160.76,+31.11%,2021-11-05
SNPS,"Synopsys Inc",+53.75,340.75,-0.97,-0.28%,345.12,211.2,+41.65%,2021-11-05
SO,"Southern Company",-0.42,63.1,0.6,+0.96%,67.54,56.69,+4.87%,2021-11-05
SPG,"Simon Property Group",+124.86,170.5,4.79,+2.89%,170.91,61.64,+168.63%,2021-11-05
SPGI,"S&P Global Inc",+37.42,460.29,-2.46,-0.53%,476.17,303.5,+29.30%,2021-11-05
SRE,Sempra,-5.41,127.35,0,0.00%,144.93,114.66,+0.27%,2021-11-05
STE,"Steris Corp",+18.74,224.58,2.34,+1.05%,237.27,170.36,+25.35%,2021-11-05
STT,"State Street Corp",+37.91,95.67,-0.86,-0.89%,100.69,62,+52.27%,2021-11-05
STX,"Seagate Technology Hldgs Plc",+67.27,96.75,1.45,+1.52%,106.22,52,+83.41%,2021-11-05
STZ,"Constellation Brands Inc",+7.15,222.69,3.33,+1.52%,244.75,182.14,+21.37%,2021-11-05
SWK,"Stanley Black & Decker Inc",-2.15,183.83,-0.44,-0.24%,225,167.65,+3.37%,2021-11-05
SWKS,"Skyworks Solutions",+7.31,164.06,-7.32,-4.27%,204,134.28,+10.02%,2021-11-05
SYF,"Synchrony Financial",+52.00,49.19,1.2,+2.50%,52.49,26.65,+79.00%,2021-11-05
SYK,"Stryker Corp",+18.90,276.16,6.1,+2.26%,281.16,208.92,+31.13%,2021-11-05
SYY,"Sysco Corp",+12.32,81.31,3.6,+4.63%,86.73,60.31,+33.67%,2021-11-05
T,"AT&T Inc",-16.89,25.1,0.3,+1.21%,33.88,24.54,-8.76%,2021-11-05
TAP,"Molson Coors Brewing Company",-0.21,46.61,0.4,+0.87%,61.48,38.08,+21.86%,2021-11-05
TDG,"Transdigm Group Inc",+17.29,665.14,35.96,+5.72%,688.03,515.35,+28.09%,2021-11-05
TDY,"Teledyne Technologies Inc",+16.94,446.35,-1.25,-0.28%,465.4,333.62,+32.76%,2021-11-05
TECH,"Bio-Techne Cp",+56.89,497.32,2.09,+0.42%,543.85,292.26,+63.27%,2021-11-05
TEL,"Te Connectivity Ltd",+43.48,158.8,3.83,+2.47%,159.1,104.39,+51.56%,2021-11-05
TER,"Teradyne Inc",+40.90,144.22,-0.37,-0.26%,147.9,97.48,+45.21%,2021-11-05
TFC,"Truist Financial Corp",+35.52,64.29,0.53,+0.83%,65.42,42.81,+43.09%,2021-11-05
TFX,"Teleflex Inc",-9.22,353.31,6.85,+1.98%,449.38,334.18,+4.76%,2021-11-05
TGT,"Target Corp",+50.39,254.27,-6.17,-2.37%,267.06,154.75,+60.29%,2021-11-05
TJX,"TJX Companies",+16.67,71.2,1.46,+2.09%,76.16,53.53,+30.38%,2021-11-05
TMO,"Thermo Fisher Scientific Inc",+33.42,616.8,-22.96,-3.59%,643.52,433.52,+19.82%,2021-11-05
TMUS,"T-Mobile US",-8.15,122.67,0.02,+0.02%,150.2,114.69,+4.61%,2021-11-05
TPR,"Tapestry Inc",+45.76,42.51,0.54,+1.29%,49.67,24.12,+72.04%,2021-11-05
TRMB,"Trimble Navigation",+39.42,86.38,-0.23,-0.27%,96.49,55.22,+54.72%,2021-11-05
TROW,"T Rowe Price Group",+53.19,221.07,1.44,+0.66%,224.55,133.06,+60.92%,2021-11-05
TRV,"The Travelers Companies Inc",+16.30,159.6,3.1,+1.98%,163.29,126.57,+25.17%,2021-11-05
TSCO,"Tractor Supply Company",+64.01,220.05,1.98,+0.91%,220.46,127.78,+58.33%,2021-11-05
TSLA,"Tesla Inc",+193.14,1222.09,-7.82,-0.64%,1243.49,396.03,+178.96%,2021-11-05
TSN,"Tyson Foods",+28.44,81.56,0.49,+0.60%,83.76,56.91,+41.33%,2021-11-05
TT,"Trane Technologies Plc",+21.54,184.69,3.79,+2.10%,207.06,137.08,+30.87%,2021-11-05
TTWO,"Take-Two Interacti",+15.23,187.2,-5.71,-2.96%,214.91,144.58,+10.98%,2021-11-05
TWTR,"Twitter Inc",+0.24,53.15,-0.53,-0.99%,80.75,41.61,+21.60%,2021-11-05
TXN,"Texas Instruments",+19.70,193.4,2.29,+1.20%,202.26,151.02,+24.33%,2021-11-05
TXT,"Textron Inc",+72.83,77.44,1.42,+1.87%,78,38.41,+99.74%,2021-11-05
TYL,"Tyler Technologies",+32.53,533.1,-6.54,-1.21%,549.08,372.8,+30.06%,2021-11-05
UA,"Under Armour Inc Cl C",+54.09,21.34,-0.77,-3.48%,23,12.44,+61.91%,2021-11-05
UAA,"Under Armour",+55.90,25.02,-0.91,-3.51%,27.27,14.05,+67.13%,2021-11-05
UAL,"United Airlines Holdings Inc",+28.58,52.71,3.57,+7.26%,63.7,34.2,+49.11%,2021-11-05
UDR,"United Dominion Realty Trust",+39.66,54.81,0.66,+1.22%,56.45,33.4,+61.92%,2021-11-05
UHS,"Universal Health Services",-8.21,129.88,3.68,+2.92%,165,116.5,+10.24%,2021-11-05
ULTA,"Ulta Beauty Inc",+46.47,391.85,10.78,+2.83%,414.98,210.01,+82.89%,2021-11-05
UNH,"Unitedhealth Group Inc",+31.81,455.81,-0.95,-0.21%,465.76,320.35,+28.61%,2021-11-05
UNP,"Union Pacific Corp",+19.09,238.83,1.63,+0.69%,243.91,189.04,+24.35%,2021-11-05
UPS,"United Parcel Service",+26.94,208.22,-2.5,-1.19%,220.24,154.76,+27.30%,2021-11-05
URI,"United Rentals",+81.17,391.96,5.99,+1.55%,396.97,187.98,+107.97%,2021-11-05
USB,"U.S. Bancorp",+34.72,60.69,0.41,+0.68%,63.01,38.9,+50.00%,2021-11-05
V,"Visa Inc",-0.40,216.67,7.89,+3.78%,252.67,192.81,+9.63%,2021-11-05
VFC,"V.F. Corp",-9.21,74.04,0.67,+0.91%,90.79,65.34,+3.64%,2021-11-05
VIAC,"Viacom CBS Cl B",+47.87,36.34,0.44,+1.23%,101.97,28.78,+16.14%,2021-11-05
VLO,"Valero Energy Corp",+44.66,77.92,1.57,+2.06%,84.95,37.97,+97.12%,2021-11-05
VMC,"Vulcan Materials Company",+39.57,196.06,2.08,+1.07%,200.46,132.85,+42.62%,2021-11-05
VNO,"Vornado Realty Trust",+13.15,44.59,0.97,+2.22%,50.91,30.26,+40.00%,2021-11-05
VRSK,"Verisk Analytics Inc",+12.83,214.59,-2.01,-0.93%,217.99,159.79,+10.38%,2021-11-05
VRSN,"Verisign Inc",+18.67,232.66,2.13,+0.92%,234.56,184.6,+11.68%,2021-11-05
VRTX,"Vertex Pharmaceutic",-13.82,192.85,-1.36,-0.70%,242.99,176.36,-12.13%,2021-11-05
VTR,"Ventas Inc",+4.69,53.98,1.19,+2.25%,61.09,39.26,+31.27%,2021-11-05
VTRS,"Viatris Inc",-12.60,13.73,0.05,+0.37%,18.86,12.94,N/A,2021-11-05
VZ,"Verizon Communications Inc",-14.54,52.24,0.39,+0.75%,61.95,50.86,-10.16%,2021-11-05
WAB,"Wabtec Corp",+35.29,94.21,2.24,+2.44%,94.75,60.95,+50.98%,2021-11-05
WAT,"Waters Corp",+35.56,343.06,-3.42,-0.99%,428.22,217.67,+57.58%,2021-11-05
WBA,"Walgreens Boots Alliance",+14.29,50.2,0.69,+1.39%,57.05,37.02,+33.76%,2021-11-05
WDC,"Western Digital Cp",+14.98,56.18,1.14,+2.07%,78.19,38.96,+43.50%,2021-11-05
WEC,"Wisconsin Energy Corp",-8.39,90.87,1.15,+1.28%,106.85,80.55,-10.56%,2021-11-05
WELL,"Welltower Inc",+27.56,84.6,4.13,+5.13%,89.8,54.83,+48.81%,2021-11-05
WFC,"Wells Fargo & Company",+89.89,50.44,-0.18,-0.36%,52.56,21.84,+125.88%,2021-11-05
WHR,"Whirlpool Corp",+12.23,218.14,-0.04,-0.02%,257.68,171.33,+9.75%,2021-11-05
WLTW,"Willis Towers WT",+8.43,231.31,0.25,+0.11%,271.87,185.67,+23.88%,2021-11-05
WM,"Waste Management",+33.80,159.89,-0.82,-0.51%,164.82,109.11,+33.59%,2021-11-05
WMB,"Williams Companies",+40.97,28.56,0.28,+0.99%,29.89,18.26,+49.45%,2021-11-05
WMT,"Wal-Mart Stores",+3.57,150.23,-1.05,-0.69%,153.66,126.28,+4.71%,2021-11-05
WRB,"W.R. Berkley Corp",+18.27,80.58,1.19,+1.50%,82.76,61.49,+28.11%,2021-11-05
WRK,"Westrock Company",+11.79,48.76,0.79,+1.65%,62.03,38.47,+24.29%,2021-11-05
WST,"West Pharmaceutical Services",+37.68,403.78,-29.29,-6.76%,475.35,253.85,+36.87%,2021-11-05
WU,"Western Union Company",-23.37,18.11,0.25,+1.40%,26.61,17.1,-13.27%,2021-11-05
WY,"Weyerhaeuser Company",+28.05,38.33,0.19,+0.50%,41.68,27.4,+33.09%,2021-11-05
WYNN,"Wynn Resorts Ltd",-5.11,96.92,5.82,+6.39%,143.88,77.51,+20.95%,2021-11-05
XEL,"XCEL Energy Inc",-12.48,63.8,0.73,+1.16%,76.44,57.23,-13.47%,2021-11-05
XLNX,"Xilinx Inc",+70.87,198.51,0.37,+0.19%,201,111.84,+52.78%,2021-11-05
XOM,"Exxon Mobil Corp",+67.85,65.02,0.61,+0.95%,66.08,32.62,+96.02%,2021-11-05
XRAY,"Dentsply Sirona Inc",+0.70,55.81,0.87,+1.58%,69.54,45.44,+19.74%,2021-11-05
XYL,"Xylem Inc",+35.74,131.01,1.27,+0.98%,138.78,90.55,+44.25%,2021-11-05
YUM,"Yum! Brands",+21.32,126.68,1.28,+1.02%,135.77,99.13,+25.80%,2021-11-05
ZBH,"Zimmer Biomet Holdings",-10.62,141.66,3.91,+2.84%,180.36,134.69,+1.66%,2021-11-05
ZBRA,"Zebra Technologies",+69.21,607.5,10.09,+1.69%,610.95,333.06,+78.61%,2021-11-05
ZION,"Zions Bancorp",+65.11,64.81,0.52,+0.81%,66.99,31.72,+98.93%,2021-11-05
ZTS,"Zoetis Inc Cl A",+35.85,216.73,-1.04,-0.48%,218.49,141.41,+26.82%,2021-11-05
